,Humid Window,Humid Var,Temp Window,Temp Var
0,3.4704930555555635,3.4704930555555635,1.1669027777777776,1.1669027777777776
5,3.1186944444444511,3.1595694444444509,1.0493263888888895,0.96586805555555433
10,2.7819652777777808,2.8466180555555587,0.93768749999999934,0.80835416666666338
20,2.0698055555555666,2.172000000000005,0.69202083333333064,0.55550694444444326
25,1.7569930555555584,1.8206041666666688,0.59707638888888859,0.4325694444444444
